Category,License,Dependency,Notes
Apache,Apache-2.0 (https://www.apache.org/licenses/LICENSE-2.0),com.typesafe # config # 1.4.9 (https://github.com/lightbend/config),
Apache,Apache-2.0 (https://www.apache.org/licenses/LICENSE-2.0),org.scala-lang # scala-library # 3.8.4 (https://scala-lang.org/),
Apache,Apache-2.0 (https://www.apache.org/licenses/LICENSE-2.0),org.scala-lang # scala3-library_3 # 3.8.4 (https://scala-lang.org/),
BSD,BSD-2-Clause (https://jdbc.postgresql.org/about/license.html),org.postgresql # postgresql # 42.7.13 (https://jdbc.postgresql.org),
LGPL,LGPL-2.1-only (https://www.gnu.org/licenses/old-licenses/lgpl-2.1.html),ch.qos.logback # logback-classic # 1.6.5,
LGPL,LGPL-2.1-only (https://www.gnu.org/licenses/old-licenses/lgpl-2.1.html),ch.qos.logback # logback-core # 1.6.5,
MIT,MIT (https://spdx.org/licenses/MIT.html),com.lihaoyi # geny_3 # 1.1.1 (https://github.com/com-lihaoyi/geny),
MIT,MIT (https://opensource.org/license/mit),org.slf4j # slf4j-api # 2.0.19 (http://www.slf4j.org),
MIT,MIT (https://opensource.org/licenses/MIT),org.typelevel # cats-core_3 # 2.13.0 (https://typelevel.org/cats),
MIT,MIT (https://opensource.org/licenses/MIT),org.typelevel # cats-kernel_3 # 2.13.0 (https://typelevel.org/cats),
MIT,MIT License (https://spdx.org/licenses/MIT.html),com.lihaoyi # ujson_3 # 4.4.3 (https://github.com/lihaoyi/upickle),
MIT,MIT License (https://spdx.org/licenses/MIT.html),com.lihaoyi # upack_3 # 4.4.3 (https://github.com/lihaoyi/upickle),
MIT,MIT License (https://spdx.org/licenses/MIT.html),com.lihaoyi # upickle-core_3 # 4.4.3 (https://github.com/lihaoyi/upickle),
MIT,MIT License (https://spdx.org/licenses/MIT.html),com.lihaoyi # upickle-implicits_3 # 4.4.3 (https://github.com/lihaoyi/upickle),
MIT,MIT License (https://spdx.org/licenses/MIT.html),com.lihaoyi # upickle_3 # 4.4.3 (https://github.com/lihaoyi/upickle),
MIT,The MIT License (https://opensource.org/licenses/MIT),org.checkerframework # checker-qual # 3.55.1 (https://checkerframework.org/),
